locatie_id,latitude,longitude,verkeersintensiteit,meet_richting,meetpaal_id
GEO0B_R_0_RWSTI360660,53.10906,5.39442,0.0,,GEO0B_R_0_RWSTI360660
GEO0B_R_0_RWSTI361244,53.03462,5.62092,0.0,,GEO0B_R_0_RWSTI361244
GEO0B_R_0_RWSTI361537,53.19115,5.74623,420.0,,GEO0B_R_0_RWSTI361537
GEO0B_R_0_RWSTI361603,52.96336,5.76927,300.0,,GEO0B_R_0_RWSTI361603
GEO0B_R_0_RWSTI362171,52.91019,5.99615,0.0,,GEO0B_R_0_RWSTI362171
GEO0B_R_0_RWSTI362372,53.14394,6.0423,120.0,,GEO0B_R_0_RWSTI362372
GEO0B_R_0_RWSTI362544,53.109175,6.129454,780.0,,GEO0B_R_0_RWSTI362544
GEO0B_R_1_RWSTI360660,53.10907,5.39429,900.0,,GEO0B_R_1_RWSTI360660
GEO0B_R_1_RWSTI361537,53.19115,5.74623,840.0,,GEO0B_R_1_RWSTI361537
GEO0B_R_1_RWSTI362372,53.144,6.04232,1500.0,,GEO0B_R_1_RWSTI362372
GEO0B_R_1_RWSTI362544,53.109218,6.129579,1320.0,,GEO0B_R_1_RWSTI362544
GEO0B_R_RWSTI300,52.943499,5.797698,1380.0,,GEO0B_R_RWSTI300
GEO0B_R_RWSTI301,52.946874,5.802647,1200.0,,GEO0B_R_RWSTI301
GEO0B_R_RWSTI302,52.942864,5.797481,660.0,,GEO0B_R_RWSTI302
GEO0B_R_RWSTI303,52.949464,5.797579,960.0,,GEO0B_R_RWSTI303
GEO0B_R_RWSTI304,52.946742,5.7984,720.0,,GEO0B_R_RWSTI304
GEO0B_R_RWSTI360731,53.09237,5.42463,840.0,,GEO0B_R_RWSTI360731
GEO0B_R_RWSTI360746,53.145342,5.413299,840.0,,GEO0B_R_RWSTI360746
GEO0B_R_RWSTI360852,53.171703,5.433592,300.0,,GEO0B_R_RWSTI360852
GEO0B_R_RWSTI360853,53.17197193,5.4335216,240.0,,GEO0B_R_RWSTI360853
GEO0B_R_RWSTI360878,53.08935,5.44016,540.0,,GEO0B_R_RWSTI360878
GEO0B_R_RWSTI360879,53.088353,5.445265,780.0,,GEO0B_R_RWSTI360879
GEO0B_R_RWSTI360880,53.17267,5.435142,540.0,,GEO0B_R_RWSTI360880
GEO0B_R_RWSTI360912,53.172406,5.435209,720.0,,GEO0B_R_RWSTI360912
GEO0B_R_RWSTI360913,53.17261261,5.43473463,780.0,,GEO0B_R_RWSTI360913
GEO0B_R_RWSTI360945,53.18489,5.46224,780.0,,GEO0B_R_RWSTI360945
GEO0B_R_RWSTI361010,53.06444,5.49891,840.0,,GEO0B_R_RWSTI361010
GEO0B_R_RWSTI361046,53.05786,5.52227,1020.0,,GEO0B_R_RWSTI361046
GEO0B_R_RWSTI361047,53.059,5.51177,780.0,,GEO0B_R_RWSTI361047
GEO0B_R_RWSTI361080,53.0547747,5.5406995,0.0,,GEO0B_R_RWSTI361080
GEO0B_R_RWSTI361081,53.05687,5.53079,240.0,,GEO0B_R_RWSTI361081
GEO0B_R_RWSTI361082,53.05595,5.53361,360.0,,GEO0B_R_RWSTI361082
GEO0B_R_RWSTI361083,53.199674,5.539909,480.0,,GEO0B_R_RWSTI361083
GEO0B_R_RWSTI361088,53.055585,5.538711,600.0,,GEO0B_R_RWSTI361088
GEO0B_R_RWSTI361089,53.20091,5.54717,480.0,,GEO0B_R_RWSTI361089
GEO0B_R_RWSTI361090,53.201947,5.54387,420.0,,GEO0B_R_RWSTI361090
GEO0B_R_RWSTI361104,53.201296,5.547076,660.0,,GEO0B_R_RWSTI361104
GEO0B_R_RWSTI361162,53.04877,5.56722,240.0,,GEO0B_R_RWSTI361162
GEO0B_R_RWSTI361189,53.047254,5.575374,300.0,,GEO0B_R_RWSTI361189
GEO0B_R_RWSTI361243,53.041169,5.610402,1380.0,,GEO0B_R_RWSTI361243
GEO0B_R_RWSTI361280,53.20057,5.64473,180.0,,GEO0B_R_RWSTI361280
GEO0B_R_RWSTI361284,53.2011,5.64606,180.0,,GEO0B_R_RWSTI361284
GEO0B_R_RWSTI361303,53.02225,5.651411,540.0,,GEO0B_R_RWSTI361303
GEO0B_R_RWSTI361304,53.02244,5.652516,720.0,,GEO0B_R_RWSTI361304
GEO0B_R_RWSTI361305,53.20192,5.6609,600.0,,GEO0B_R_RWSTI361305
GEO0B_R_RWSTI361323,53.021279,5.662876,360.0,,GEO0B_R_RWSTI361323
GEO0B_R_RWSTI361324,53.021932,5.658353,600.0,,GEO0B_R_RWSTI361324
GEO0B_R_RWSTI361325,53.022285,5.658222,900.0,,GEO0B_R_RWSTI361325
GEO0B_R_RWSTI361329,53.20214,5.65788,480.0,,GEO0B_R_RWSTI361329
GEO0B_R_RWSTI361336,53.022017,5.665049,420.0,,GEO0B_R_RWSTI361336
GEO0B_R_RWSTI361337,53.02199,5.66793,1380.0,,GEO0B_R_RWSTI361337
GEO0B_R_RWSTI361348,53.02128,5.678223,1140.0,,GEO0B_R_RWSTI361348
GEO0B_R_RWSTI361349,53.021592,5.674835,900.0,,GEO0B_R_RWSTI361349
GEO0B_R_RWSTI361350,53.021343,5.678374,1020.0,,GEO0B_R_RWSTI361350
GEO0B_R_RWSTI361360,52.98951,5.71964,1020.0,,GEO0B_R_RWSTI361360
GEO0B_R_RWSTI361387,53.20692,5.72082,1080.0,,GEO0B_R_RWSTI361387
GEO0B_R_RWSTI361409,53.004344,5.697355,1020.0,,GEO0B_R_RWSTI361409
GEO0B_R_RWSTI361410,53.20704,5.7238,1140.0,,GEO0B_R_RWSTI361410
GEO0B_R_RWSTI361450,52.85182,5.72161,0.0,,GEO0B_R_RWSTI361450
GEO0B_R_RWSTI361455,52.861838,5.73087,1260.0,,GEO0B_R_RWSTI361455
GEO0B_R_RWSTI361474,52.97128,5.75986,960.0,,GEO0B_R_RWSTI361474
GEO0B_R_RWSTI361548,52.965498,5.766985,960.0,,GEO0B_R_RWSTI361548
GEO0B_R_RWSTI361549,52.96377,5.76836,900.0,,GEO0B_R_RWSTI361549
GEO0B_R_RWSTI361674,53.17287,5.75737,1320.0,,GEO0B_R_RWSTI361674
GEO0B_R_RWSTI361705,53.18911,5.74658,1080.0,,GEO0B_R_RWSTI361705
GEO0B_R_RWSTI361706,53.20697,5.73522,1320.0,,GEO0B_R_RWSTI361706
GEO0B_R_RWSTI361735,53.160964,5.802856,900.0,,GEO0B_R_RWSTI361735
GEO0B_R_RWSTI361816,52.95912,5.84721,1500.0,,GEO0B_R_RWSTI361816
GEO0B_R_RWSTI361831,53.169983,5.844666,1200.0,,GEO0B_R_RWSTI361831
GEO0B_R_RWSTI361832,53.168018,5.833655,900.0,,GEO0B_R_RWSTI361832
GEO0B_R_RWSTI361848,52.95987347,5.85166152,1800.0,,GEO0B_R_RWSTI361848
GEO0B_R_RWSTI361985,52.972522,5.909906,1440.0,,GEO0B_R_RWSTI361985
GEO0B_R_RWSTI362155,52.93155,5.96004,360.0,,GEO0B_R_RWSTI362155
GEO0B_R_RWSTI362156,52.93234,5.96135,480.0,,GEO0B_R_RWSTI362156
GEO0B_R_RWSTI362204,52.91436,5.98481,1320.0,,GEO0B_R_RWSTI362204
GEO0B_R_RWSTI362238,52.89307,6.01853,1140.0,,GEO0B_R_RWSTI362238
GEO0B_R_RWSTI362297,53.145275,6.01809,1080.0,,GEO0B_R_RWSTI362297
GEO0B_R_RWSTI362298,53.145495,6.018395,1080.0,,GEO0B_R_RWSTI362298
GEO0B_R_RWSTI362320,52.88084,6.0253,840.0,,GEO0B_R_RWSTI362320
GEO0B_R_RWSTI362327,52.88066,6.02489,960.0,,GEO0B_R_RWSTI362327
GEO0B_R_RWSTI362373,53.145778,6.029836,1080.0,,GEO0B_R_RWSTI362373
GEO0B_R_RWSTI362416,53.140812,6.064643,1500.0,,GEO0B_R_RWSTI362416
GEO0B_R_RWSTI362470,53.136243,6.083277,1380.0,,GEO0B_R_RWSTI362470
GEO0B_R_RWSTI362534,53.109828,6.127358,420.0,,GEO0B_R_RWSTI362534
GEO0B_R_RWSTI362543,53.108945,6.13037,1140.0,,GEO0B_R_RWSTI362543
GEO0B_R_RWSTI362547,53.110216,6.128208,1140.0,,GEO0B_R_RWSTI362547
GEO0B_R_RWSTI362548,53.1103112,6.129889,480.0,,GEO0B_R_RWSTI362548
GEO0B_R_RWSTI362568,53.11958,6.16131,1860.0,,GEO0B_R_RWSTI362568
GEO0B_R_RWSTI363627,53.206669,5.735463,840.0,,GEO0B_R_RWSTI363627
GEO0B_R_RWSTI363628,53.20725,5.72493,1140.0,,GEO0B_R_RWSTI363628
GEO0B_R_RWSTI363639,53.206389,5.737576,0.0,,GEO0B_R_RWSTI363639
GEO0B_R_RWSTI363645,53.198691,5.745533,1500.0,,GEO0B_R_RWSTI363645
GEO0B_R_RWSTI363652,53.1896,5.74671,1140.0,,GEO0B_R_RWSTI363652
GEO0B_TIID_1255,52.85941,5.72797,1920.0,,GEO0B_TIID_1255
GEO0B_TIID_1258,53.0579,5.5236,960.0,,GEO0B_TIID_1258
GEO0B_TIID_1269,53.07168,5.48813,900.0,,GEO0B_TIID_1269
GEO0B_TIID_613,52.84464,5.7239,1500.0,,GEO0B_TIID_613
GEO0B_TIID_625,53.03388,5.621802,1020.0,,GEO0B_TIID_625
GEO0B_TIID_664,53.031728,5.623259,840.0,,GEO0B_TIID_664
GEO0B_TIID_745,53.076109,5.478885,780.0,,GEO0B_TIID_745
GEO0B_TIID_8296,53.171734,5.433418,720.0,,GEO0B_TIID_8296
GEO0B_TIID_848,53.164217,5.934977,1140.0,,GEO0B_TIID_848
GEO0B_TIID_855,53.134491,6.090073,840.0,,GEO0B_TIID_855
GEO0B_TIID_857,53.134385,6.090938,540.0,,GEO0B_TIID_857
GEO0B_TIID_872,53.156564,5.963342,1020.0,,GEO0B_TIID_872
GEO0B_TIID_882,53.13521,6.083031,540.0,,GEO0B_TIID_882
GEO0B_TIID_897,52.90988,5.99768,1020.0,,GEO0B_TIID_897
GEO0B_TIID_915,52.90988,5.99768,1020.0,,GEO0B_TIID_915
GEO0K_K_1_RWSTI360612,53.093003,5.378478,780.0,,GEO0K_K_1_RWSTI360612
GEO0K_K_1_RWSTI361263,53.022303,5.651254,900.0,,GEO0K_K_1_RWSTI361263
GEO0K_K_1_RWSTI361267,53.022364,5.651968,1080.0,,GEO0K_K_1_RWSTI361267
GEO0K_K_RWSTI360627,53.093776,5.377704,960.0,,GEO0K_K_RWSTI360627
GEO0K_K_RWSTI360628,53.092989,5.378523,120.0,,GEO0K_K_RWSTI360628
GEO0K_K_RWSTI360642,53.09577,5.38748,240.0,,GEO0K_K_RWSTI360642
GEO0K_K_RWSTI360643,53.09996,5.38242,60.0,,GEO0K_K_RWSTI360643
GEO0K_K_RWSTI360645,53.103718,5.384109,360.0,,GEO0K_K_RWSTI360645
GEO0K_K_RWSTI360658,53.096766,5.386928,120.0,,GEO0K_K_RWSTI360658
GEO0K_K_RWSTI360659,53.1058381,5.38841969,300.0,,GEO0K_K_RWSTI360659
GEO0K_K_RWSTI361676,53.17257378,5.75741156,1140.0,,GEO0K_K_RWSTI361676
GEO0K_K_RWSTI361704,53.15617409,5.79053605,840.0,,GEO0K_K_RWSTI361704
GEO0K_K_RWSTI361996,52.975551,5.916813,900.0,,GEO0K_K_RWSTI361996
GEO0K_K_RWSTI362043,52.97455,5.915292,180.0,,GEO0K_K_RWSTI362043
GEO0K_K_RWSTI362541,53.105449,6.133804,360.0,,GEO0K_K_RWSTI362541
GEO0K_K_RWSTI362542,53.101733,6.137175,720.0,,GEO0K_K_RWSTI362542
GEO0K_K_RWSTI362558,53.104366,6.13345,1080.0,,GEO0K_K_RWSTI362558
GEO0K_K_RWSTI362559,53.104359,6.135722,840.0,,GEO0K_K_RWSTI362559
GEO0K_K_RWSTI363653,53.159144,5.789383,840.0,,GEO0K_K_RWSTI363653
GEO0K_K_RWSTI363654,53.15861,5.795342,120.0,,GEO0K_K_RWSTI363654
GEO0K_K_RWSTI363655,53.156314,5.790821,1260.0,,GEO0K_K_RWSTI363655
GEO0K_K_RWSTI363657,53.158557,5.795258,660.0,,GEO0K_K_RWSTI363657
GEO0K_K_RWSTI363658,53.159552,5.797243,1020.0,,GEO0K_K_RWSTI363658
GEO0K_K_RWSTI363659,53.15918,5.79429,720.0,,GEO0K_K_RWSTI363659
GEO0K_K_RWSTI363660,53.159202,5.788912,240.0,,GEO0K_K_RWSTI363660
GEO0K_R_1_RWSTI362562,53.10161,6.1378,900.0,,GEO0K_R_1_RWSTI362562
GEO0K_R_RWSTI301,53.087578,5.367015,660.0,,GEO0K_R_RWSTI301
GEO0K_R_RWSTI362560,53.10161,6.13788,480.0,,GEO0K_R_RWSTI362560
GEO0K_R_RWSTI362561,53.10280576,6.13655648,900.0,,GEO0K_R_RWSTI362561
GEO0K_TIID_1051,53.20475,5.68448,900.0,,GEO0K_TIID_1051
GEO0K_TIID_1160,52.96656,5.88558,1440.0,,GEO0K_TIID_1160
GEO0K_TIID_1179,53.16908,5.89237,1140.0,,GEO0K_TIID_1179
GEO0K_TIID_1207,53.09623,5.38181,720.0,,GEO0K_TIID_1207
GEO0K_TIID_1264,53.0972,6.11182,1320.0,,GEO0K_TIID_1264
GEO0K_TIID_1274,52.98124,5.93931,1500.0,,GEO0K_TIID_1274
GEO0K_TIID_1346,53.067973,5.833992,1080.0,,GEO0K_TIID_1346
GEO0K_TIID_1347,52.89504,6.01685,0.0,,GEO0K_TIID_1347
GEO0K_TIID_686,52.975326,5.920261,720.0,,GEO0K_TIID_686
GEO0K_TIID_8125,52.84148,6.05155,960.0,,GEO0K_TIID_8125
GEO0K_TIID_8252,53.09771,5.39328,480.0,,GEO0K_TIID_8252
GEO0K_TIID_8536,52.975083,5.911559,600.0,,GEO0K_TIID_8536
GEO0K_TIID_8538,52.974331,5.920719,1080.0,,GEO0K_TIID_8538
GEO0K_TIID_871,53.168724,5.899655,960.0,,GEO0K_TIID_871
GEO0K_TIID_887,53.107565,6.131749,660.0,,GEO0K_TIID_887
GEO0K_TIID_905,52.972178,5.921033,960.0,,GEO0K_TIID_905
GEO0K_TIID_925,52.97794,5.9112,240.0,,GEO0K_TIID_925
PFR07_101600_N351_NO,52.945427,6.159238,660.0,,PFR07_101600_N351_NO
PFR07_101600_N351_ZW,52.945427,6.159238,540.0,,PFR07_101600_N351_ZW
PFR07_101601_N351_NO,52.885166,6.033368,660.0,,PFR07_101601_N351_NO
PFR07_101601_N351_ZW,52.885166,6.033368,660.0,,PFR07_101601_N351_ZW
PFR07_101602_N351_NO,52.843846,5.912934,540.0,,PFR07_101602_N351_NO
PFR07_101602_N351_ZW,52.843882,5.912907,840.0,,PFR07_101602_N351_ZW
PFR07_101603_N353_N,52.922573,6.143539,240.0,,PFR07_101603_N353_N
PFR07_101603_N353_Z,52.922573,6.143539,240.0,,PFR07_101603_N353_Z
PFR07_101604_N353_NW,52.946484,6.116712,300.0,,PFR07_101604_N353_NW
PFR07_101604_N353_ZO,52.946484,6.116712,300.0,,PFR07_101604_N353_ZO
PFR07_101605_N354_NO,53.108753,5.799345,720.0,,PFR07_101605_N354_NO
PFR07_101605_N354_ZW,53.108753,5.799345,660.0,,PFR07_101605_N354_ZW
PFR07_101606_N354_NO,53.067665,5.694808,480.0,,PFR07_101606_N354_NO
PFR07_101606_N354_ZW,53.067665,5.694808,600.0,,PFR07_101606_N354_ZW
PFR07_101607_N354_N,53.014736,5.654092,720.0,,PFR07_101607_N354_N
PFR07_101607_N354_Z,53.014736,5.654092,780.0,,PFR07_101607_N354_Z
PFR07_101608_N355_O,53.21818,5.890654,960.0,,PFR07_101608_N355_O
PFR07_101608_N355_W,53.21818,5.890654,960.0,,PFR07_101608_N355_W
PFR07_101609_N355_O,53.226097,6.073448,180.0,,PFR07_101609_N355_O
PFR07_101609_N355_W,53.226097,6.073448,60.0,,PFR07_101609_N355_W
PFR07_101610_N355_O,53.260326,6.18172,420.0,,PFR07_101610_N355_O
PFR07_101610_N355_W,53.260326,6.18172,840.0,,PFR07_101610_N355_W
PFR07_101611_N356_NW,53.36015,5.914074,360.0,,PFR07_101611_N356_NW
PFR07_101611_N356_ZO,53.36015,5.914074,360.0,,PFR07_101611_N356_ZO
PFR07_101612_N356_N,53.16002,6.012605,960.0,,PFR07_101612_N356_N
PFR07_101612_N356_Z,53.16002,6.012605,780.0,,PFR07_101612_N356_Z
PFR07_101613_N356_N,53.22594,5.98121,840.0,,PFR07_101613_N356_N
PFR07_101613_N356_Z,53.22601,5.98112,1440.0,,PFR07_101613_N356_Z
PFR07_101614_N356_N,53.29561,6.01763,0.0,,PFR07_101614_N356_N
PFR07_101614_N356_Z,53.2956,6.01742,0.0,,PFR07_101614_N356_Z
PFR07_101615_N356_N,53.19405,5.97566,960.0,,PFR07_101615_N356_N
PFR07_101615_N356_Z,53.194,5.97548,840.0,,PFR07_101615_N356_Z
PFR07_101616_N357_N,53.232243,5.77713,900.0,,PFR07_101616_N357_N
PFR07_101616_N357_Z,53.232243,5.77713,1260.0,,PFR07_101616_N357_Z
PFR07_101617_N357_NO,53.31355,5.788524,420.0,,PFR07_101617_N357_NO
PFR07_101617_N357_ZW,53.31355,5.788524,420.0,,PFR07_101617_N357_ZW
PFR07_101618_N358_O,53.385246,5.988861,240.0,,PFR07_101618_N358_O
PFR07_101618_N358_W,53.385246,5.988861,240.0,,PFR07_101618_N358_W
PFR07_101619_N358_O,53.3275,6.11642,300.0,,PFR07_101619_N358_O
PFR07_101619_N358_W,53.3275,6.11642,240.0,,PFR07_101619_N358_W
PFR07_101620_N358_N,53.21986,6.176408,660.0,,PFR07_101620_N358_N
PFR07_101620_N358_Z,53.21986,6.176408,840.0,,PFR07_101620_N358_Z
PFR07_101621_N359_NW,52.862114,5.654442,900.0,,PFR07_101621_N359_NW
PFR07_101621_N359_ZO,52.862114,5.654442,600.0,,PFR07_101621_N359_ZO
PFR07_101622_N359_NO,52.882698,5.555248,600.0,,PFR07_101622_N359_NO
PFR07_101622_N359_ZW,52.882698,5.555248,720.0,,PFR07_101622_N359_ZW
PFR07_101623_N359_N,53.01405,5.473024,600.0,,PFR07_101623_N359_N
PFR07_101623_N359_Z,53.01405,5.473024,1020.0,,PFR07_101623_N359_Z
PFR07_101624_N359_NO,53.084045,5.522274,840.0,,PFR07_101624_N359_NO
PFR07_101624_N359_ZW,53.084045,5.522274,840.0,,PFR07_101624_N359_ZW
PFR07_101625_N359_NO,53.16033,5.677058,900.0,,PFR07_101625_N359_NO
PFR07_101625_N359_ZW,53.16033,5.677058,600.0,,PFR07_101625_N359_ZW
PFR07_101626_N361_O,53.37606,6.10893,360.0,,PFR07_101626_N361_O
PFR07_101626_N361_W,53.37606,6.10893,480.0,,PFR07_101626_N361_W
PFR07_101627_N361_NO,53.2879,5.91931,240.0,,PFR07_101627_N361_NO
PFR07_101627_N361_ZW,53.2879,5.91931,360.0,,PFR07_101627_N361_ZW
PFR07_101628_N361_N,53.23352,5.902357,540.0,,PFR07_101628_N361_N
PFR07_101628_N361_Z,53.23352,5.902357,660.0,,PFR07_101628_N361_Z
PFR07_101629_N369_N,53.217735,6.087319,600.0,,PFR07_101629_N369_N
PFR07_101629_N369_Z,53.217735,6.087319,600.0,,PFR07_101629_N369_Z
PFR07_101630_N380_O,52.939568,6.021007,420.0,,PFR07_101630_N380_O
PFR07_101630_N380_W,52.939568,6.021007,420.0,,PFR07_101630_N380_W
PFR07_101631_N380_O,53.016285,6.21713,300.0,,PFR07_101631_N380_O
PFR07_101631_N380_W,53.016285,6.21713,360.0,,PFR07_101631_N380_W
PFR07_101632_N381_NW,53.056503,6.171937,780.0,,PFR07_101632_N381_NW
PFR07_101632_N381_ZO,53.056503,6.171937,1020.0,,PFR07_101632_N381_ZO
PFR07_101634_N383_N,53.246037,5.663416,540.0,,PFR07_101634_N383_N
PFR07_101634_N383_Z,53.246037,5.663416,540.0,,PFR07_101634_N383_Z
PFR07_101635_N384_NW,53.115692,5.680915,300.0,,PFR07_101635_N384_NW
PFR07_101635_N384_ZO,53.115692,5.680915,300.0,,PFR07_101635_N384_ZO
PFR07_101636_N384_NW,53.16572,5.598943,300.0,,PFR07_101636_N384_NW
PFR07_101636_N384_ZO,53.16572,5.598943,420.0,,PFR07_101636_N384_ZO
PFR07_101637_N384_N,53.219612,5.540258,420.0,,PFR07_101637_N384_N
PFR07_101637_N384_Z,53.219612,5.540258,240.0,,PFR07_101637_N384_Z
PFR07_101638_N392_O,53.050953,5.855458,420.0,,PFR07_101638_N392_O
PFR07_101638_N392_W,53.050953,5.855458,420.0,,PFR07_101638_N392_W
PFR07_101639_N392_O,53.02352,6.001767,300.0,,PFR07_101639_N392_O
PFR07_101639_N392_W,53.02352,6.001767,420.0,,PFR07_101639_N392_W
PFR07_101640_N392_NW,53.012466,6.033091,720.0,,PFR07_101640_N392_NW
PFR07_101640_N392_ZO,53.012466,6.033091,720.0,,PFR07_101640_N392_ZO
PFR07_101641_N393_O,53.27824,5.681233,360.0,,PFR07_101641_N393_O
PFR07_101641_N393_W,53.27824,5.681233,240.0,,PFR07_101641_N393_W
PFR07_101642_N393_NO,53.246788,5.580626,300.0,,PFR07_101642_N393_NO
PFR07_101642_N393_ZW,53.246788,5.580626,300.0,,PFR07_101642_N393_ZW
PFR07_101643_N393_N,53.189236,5.440958,360.0,,PFR07_101643_N393_N
PFR07_101643_N393_Z,53.189236,5.440958,420.0,,PFR07_101643_N393_Z
PFR07_101644_N398_N,53.258045,5.724638,720.0,,PFR07_101644_N398_N
PFR07_101644_N398_Z,53.258045,5.724638,360.0,,PFR07_101644_N398_Z
PFR07_101645_N910_NW,53.30868,6.057164,420.0,,PFR07_101645_N910_NW
PFR07_101645_N910_ZO,53.30868,6.057164,360.0,,PFR07_101645_N910_ZO
PFR07_101646_N910_NW,53.270317,6.155663,240.0,,PFR07_101646_N910_NW
PFR07_101646_N910_ZO,53.270317,6.155663,240.0,,PFR07_101646_N910_ZO
PFR07_101647_N913_NO,53.17315,5.969396,660.0,,PFR07_101647_N913_NO
PFR07_101647_N913_ZW,53.17315,5.969396,420.0,,PFR07_101647_N913_ZW
PFR07_101648_N917_O,53.09502,6.18753,420.0,,PFR07_101648_N917_O
PFR07_101648_N917_W,53.09502,6.18753,420.0,,PFR07_101648_N917_W
PFR07_101649_N919_N,53.004387,6.303276,600.0,,PFR07_101649_N919_N
PFR07_101649_N919_Z,53.004387,6.303276,480.0,,PFR07_101649_N919_Z
PFR07_101650_N924_O,52.942184,5.912119,360.0,,PFR07_101650_N924_O
PFR07_101650_N924_W,52.942184,5.912119,660.0,,PFR07_101650_N924_W
PFR07_101651_N927_O,52.916313,5.759998,480.0,,PFR07_101651_N927_O
PFR07_101651_N927_W,52.916313,5.759998,480.0,,PFR07_101651_N927_W
PFR07_101652_N924_O,52.8717,5.752365,600.0,,PFR07_101652_N924_O
PFR07_101652_N924_W,52.8717,5.752365,660.0,,PFR07_101652_N924_W
PFR07_101653_N928_NO,52.9341,5.608023,480.0,,PFR07_101653_N928_NO
PFR07_101653_N928_ZW,52.9341,5.608023,420.0,,PFR07_101653_N928_ZW
PFR07_101654_N355_O,53.217949,5.916263,960.0,,PFR07_101654_N355_O
PFR07_101654_N355_W,53.218062,5.916248,960.0,,PFR07_101654_N355_W
PFR07_101655_N355_O,53.222623,5.943802,900.0,,PFR07_101655_N355_O
PFR07_101655_N355_W,53.222719,5.943744,720.0,,PFR07_101655_N355_W
PFR07_101656_JSTRWG_O,52.9553134,5.8523301,240.0,,PFR07_101656_JSTRWG_O
PFR07_101656_JSTRWG_W,52.9553134,5.8523301,60.0,,PFR07_101656_JSTRWG_W
PFR07_101657_TRMW_N,52.9758408,5.7544414,180.0,,PFR07_101657_TRMW_N
PFR07_101657_TRMW_Z,52.9758408,5.7544414,240.0,,PFR07_101657_TRMW_Z
PFR07_633L_N381_N,52.94331,6.319444,840.0,,PFR07_633L_N381_N
PFR07_633R_N381_Z,52.943315,6.319362,780.0,,PFR07_633R_N381_Z
PFR07_656L_N351_O,52.97406,6.28611,540.0,,PFR07_656L_N351_O
PFR07_656R_N351_W,52.97339,6.28154,660.0,,PFR07_656R_N351_W
PFR07_657L_N353_Z,52.88581,6.14399,360.0,,PFR07_657L_N353_Z
PFR07_657R_N353_N,52.88562,6.14375,360.0,,PFR07_657R_N353_N
PFR07_658L_N354_N,52.9568,5.65264,840.0,,PFR07_658L_N354_N
PFR07_658R_N354_Z,52.95704,5.65246,540.0,,PFR07_658R_N354_Z
PFR07_659L_N354_N,52.94078,5.65533,540.0,,PFR07_659L_N354_N
PFR07_659R_N354_Z,52.93784,5.65662,480.0,,PFR07_659R_N354_Z
PFR07_660L_N354_NW,52.89821,5.72163,540.0,,PFR07_660L_N354_NW
PFR07_660R_N354_ZO,52.89915,5.71988,240.0,,PFR07_660R_N354_ZO
PFR07_661L_N355_NW,53.220364,5.977077,480.0,,PFR07_661L_N355_NW
PFR07_661R_N355_ZO,53.220293,5.977007,840.0,,PFR07_661R_N355_ZO
PFR07_662L_N355_ZW,53.23595,6.09487,720.0,,PFR07_662L_N355_ZW
PFR07_662R_N355_NO,53.23587,6.09488,420.0,,PFR07_662R_N355_NO
PFR07_663L_N356_N,53.37058,5.89473,240.0,,PFR07_663L_N356_N
PFR07_663R_N356_Z,53.37061,5.89461,180.0,,PFR07_663R_N356_Z
PFR07_664L_N358_NO,53.29997,6.13515,240.0,,PFR07_664L_N358_NO
PFR07_664R_N358_ZW,53.30049,6.13802,300.0,,PFR07_664R_N358_ZW
PFR07_665L_N358_W,53.2421,6.15483,540.0,,PFR07_665L_N358_W
PFR07_665R_N358_O,53.242,6.15487,960.0,,PFR07_665R_N358_O
PFR07_666L_N358_N,53.16923,6.17955,0.0,,PFR07_666L_N358_N
PFR07_666R_N358_Z,53.16927,6.17947,0.0,,PFR07_666R_N358_Z
PFR07_667L_N358_NW,53.13209,6.18176,840.0,,PFR07_667L_N358_NW
PFR07_667R_N358_ZO,53.13196,6.18179,540.0,,PFR07_667R_N358_ZO
PFR07_668L_N359_O,52.8493,5.70938,1020.0,,PFR07_668L_N359_O
PFR07_668R_N359_W,52.84939,5.70954,1020.0,,PFR07_668R_N359_W
PFR07_669L_N359_ZO,52.89456,5.47199,720.0,,PFR07_669L_N359_ZO
PFR07_669R_N359_NW,52.89344,5.47421,540.0,,PFR07_669R_N359_NW
PFR07_670L_N359_Z,52.95585,5.43077,780.0,,PFR07_670L_N359_Z
PFR07_670R_N359_N,52.95839,5.43089,540.0,,PFR07_670R_N359_N
PFR07_671L_N361_O,53.31108,6.01611,600.0,,PFR07_671L_N361_O
PFR07_671R_N361_W,53.31118,6.01618,720.0,,PFR07_671R_N361_W
PFR07_672L_N369_W,53.13927,6.09155,1020.0,,PFR07_672L_N369_W
PFR07_672R_N369_O,53.13956,6.09346,1020.0,,PFR07_672R_N369_O
PFR07_673L_N369_Z,53.17304,6.11838,660.0,,PFR07_673L_N369_Z
PFR07_673R_N369_N,53.17301,6.11855,1140.0,,PFR07_673R_N369_N
PFR07_674L_N381_N,53.003189,6.229145,1080.0,,PFR07_674L_N381_N
PFR07_674R_N381_Z,53.005508,6.228724,720.0,,PFR07_674R_N381_Z
PFR07_675L_N383_ZO,53.21789,5.70683,960.0,,PFR07_675L_N383_ZO
PFR07_675R_N383_NW,53.21885,5.70597,1260.0,,PFR07_675R_N383_NW
PFR07_676L_N390_O,53.18504,5.45065,660.0,,PFR07_676L_N390_O
PFR07_676R_N390_W,53.18511,5.45072,480.0,,PFR07_676R_N390_W
PFR07_677L_N392_NW,52.98831,6.09089,480.0,,PFR07_677L_N392_NW
PFR07_677R_N392_ZO,52.98827,6.09085,420.0,,PFR07_677R_N392_ZO
PFR07_678L_N917_NW,53.06469,6.27809,0.0,,PFR07_678L_N917_NW
PFR07_678R_N917_ZO,53.06465,6.27806,180.0,,PFR07_678R_N917_ZO
PFR07_679L_N918_Z,53.04295,6.33039,360.0,,PFR07_679L_N918_Z
PFR07_679R_N918_N,53.0428,6.33054,480.0,,PFR07_679R_N918_N
PFR07_680L_N919_N,52.98028,6.29389,1080.0,,PFR07_680L_N919_N
PFR07_680R_N919_Z,52.97992,6.29382,660.0,,PFR07_680R_N919_Z
PFR07_681L_N924_N,52.91488,5.84938,300.0,,PFR07_681L_N924_N
PFR07_681R_N924_Z,52.91484,5.84923,300.0,,PFR07_681R_N924_Z
RWS01_MONIBAS_0060vwa3108ra,52.95574,5.81608,420.0,northBound,RWS01_MONIBAS_0060vwa3108ra
RWS01_MONIBAS_0060vwb3112ra,52.95792,5.82176,900.0,northBound,RWS01_MONIBAS_0060vwb3112ra
RWS01_MONIBAS_0060vwc3112ra,52.95866,5.8216,840.0,southBound,RWS01_MONIBAS_0060vwc3112ra
RWS01_MONIBAS_0060vwd3108ra,52.95611,5.81532,480.0,southBound,RWS01_MONIBAS_0060vwd3108ra
RWS01_MONIBAS_0060vwf3098ra,52.94927,5.80682,1080.0,,RWS01_MONIBAS_0060vwf3098ra
RWS01_MONIBAS_0061hrl3098ra,52.94925,5.80685,1080.0,southBound,RWS01_MONIBAS_0061hrl3098ra
RWS01_MONIBAS_0061hrl3108ra,52.95599,5.81566,1260.0,southBound,RWS01_MONIBAS_0061hrl3108ra
RWS01_MONIBAS_0061hrr3098ra,52.94911,5.80693,1260.0,northBound,RWS01_MONIBAS_0061hrr3098ra
RWS01_MONIBAS_0061hrr3108ra,52.95585,5.81587,1440.0,northBound,RWS01_MONIBAS_0061hrr3108ra
RWS01_MONIBAS_0070vwa1401ra,52.96285,5.86753,360.0,eastBound,RWS01_MONIBAS_0070vwa1401ra
RWS01_MONIBAS_0070vwa1463ra,52.98421,5.95294,420.0,eastBound,RWS01_MONIBAS_0070vwa1463ra
RWS01_MONIBAS_0070vwa1521ra,53.0191,6.00981,0.0,eastBound,RWS01_MONIBAS_0070vwa1521ra
RWS01_MONIBAS_0070vwa1576ra,53.06096,6.05273,0.0,eastBound,RWS01_MONIBAS_0070vwa1576ra
RWS01_MONIBAS_0070vwa1613ra,53.08799,6.08336,0.0,eastBound,RWS01_MONIBAS_0070vwa1613ra
RWS01_MONIBAS_0070vwa1649ra,53.10496,6.13456,0.0,eastBound,RWS01_MONIBAS_0070vwa1649ra
RWS01_MONIBAS_0070vwb1401ra,52.96346,5.86844,300.0,eastBound,RWS01_MONIBAS_0070vwb1401ra
RWS01_MONIBAS_0070vwb1423ra,52.96831,5.89951,540.0,eastBound,RWS01_MONIBAS_0070vwb1423ra
RWS01_MONIBAS_0070vwb1468ra,52.98558,5.95889,360.0,eastBound,RWS01_MONIBAS_0070vwb1468ra
RWS01_MONIBAS_0070vwb1522ra,53.02033,6.00974,0.0,eastBound,RWS01_MONIBAS_0070vwb1522ra
RWS01_MONIBAS_0070vwb1577ra,53.06222,6.05277,0.0,eastBound,RWS01_MONIBAS_0070vwb1577ra
RWS01_MONIBAS_0070vwb1614ra,53.08927,6.08479,0.0,eastBound,RWS01_MONIBAS_0070vwb1614ra
RWS01_MONIBAS_0070vwc1401ra,52.96373,5.86833,300.0,westBound,RWS01_MONIBAS_0070vwc1401ra
RWS01_MONIBAS_0070vwc1423ra,52.96874,5.89845,600.0,westBound,RWS01_MONIBAS_0070vwc1423ra
RWS01_MONIBAS_0070vwc1468ra,52.98587,5.95869,240.0,westBound,RWS01_MONIBAS_0070vwc1468ra
RWS01_MONIBAS_0070vwc1522ra,53.02052,6.00928,0.0,westBound,RWS01_MONIBAS_0070vwc1522ra
RWS01_MONIBAS_0070vwc1577ra,53.0624,6.05227,0.0,westBound,RWS01_MONIBAS_0070vwc1577ra
RWS01_MONIBAS_0070vwc1617ra,53.09086,6.08772,0.0,westBound,RWS01_MONIBAS_0070vwc1617ra
RWS01_MONIBAS_0070vwd1401ra,52.96347,5.86753,660.0,westBound,RWS01_MONIBAS_0070vwd1401ra
RWS01_MONIBAS_0070vwd1464ra,52.98462,5.95331,300.0,westBound,RWS01_MONIBAS_0070vwd1464ra
RWS01_MONIBAS_0070vwd1521ra,53.01982,6.00758,0.0,westBound,RWS01_MONIBAS_0070vwd1521ra
RWS01_MONIBAS_0070vwd1576ra,53.06181,6.05047,0.0,westBound,RWS01_MONIBAS_0070vwd1576ra
RWS01_MONIBAS_0070vwd1615ra,53.08994,6.08409,0.0,westBound,RWS01_MONIBAS_0070vwd1615ra
RWS01_MONIBAS_0070vwe1435ra,52.97323,5.91416,1140.0,eastBound,RWS01_MONIBAS_0070vwe1435ra
RWS01_MONIBAS_0070vwf1435ra,52.97742,5.9135,240.0,westBound,RWS01_MONIBAS_0070vwf1435ra
RWS01_MONIBAS_0070vwf1654ra,53.10664,6.13698,0.0,westBound,RWS01_MONIBAS_0070vwf1654ra
RWS01_MONIBAS_0071hrl1401ra,52.96348,5.8672,1620.0,westBound,RWS01_MONIBAS_0071hrl1401ra
RWS01_MONIBAS_0071hrl1423ra,52.96855,5.89853,1500.0,westBound,RWS01_MONIBAS_0071hrl1423ra
RWS01_MONIBAS_0071hrl1434ra,52.97393,5.91288,1440.0,westBound,RWS01_MONIBAS_0071hrl1434ra
RWS01_MONIBAS_0071hrl1435ra,52.97454,5.91442,1080.0,westBound,RWS01_MONIBAS_0071hrl1435ra
RWS01_MONIBAS_0071hrl1466ra,52.98526,5.95638,1560.0,westBound,RWS01_MONIBAS_0071hrl1466ra
RWS01_MONIBAS_0071hrl1479ra,53.02065,6.00973,1320.0,westBound,RWS01_MONIBAS_0071hrl1479ra
RWS01_MONIBAS_0071hrl1521ra,53.01941,6.00844,0.0,westBound,RWS01_MONIBAS_0071hrl1521ra
RWS01_MONIBAS_0071hrl1576ra,53.06138,6.05143,0.0,westBound,RWS01_MONIBAS_0071hrl1576ra
RWS01_MONIBAS_0071hrl1615ra,53.08982,6.08588,0.0,westBound,RWS01_MONIBAS_0071hrl1615ra
RWS01_MONIBAS_0071hrl1651ra,53.10469,6.13373,0.0,westBound,RWS01_MONIBAS_0071hrl1651ra
RWS01_MONIBAS_0071hrl1655ra,53.1062,6.13793,0.0,westBound,RWS01_MONIBAS_0071hrl1655ra
RWS01_MONIBAS_0071hrr1354ra,52.94893,5.7968,1020.0,eastBound,RWS01_MONIBAS_0071hrr1354ra
RWS01_MONIBAS_0071hrr1401ra,52.9633,5.86728,1800.0,eastBound,RWS01_MONIBAS_0071hrr1401ra
RWS01_MONIBAS_0071hrr1423ra,52.96842,5.89866,1560.0,eastBound,RWS01_MONIBAS_0071hrr1423ra
RWS01_MONIBAS_0071hrr1434ra,52.97377,5.91301,1320.0,eastBound,RWS01_MONIBAS_0071hrr1434ra
RWS01_MONIBAS_0071hrr1438ra,52.97563,5.918,780.0,eastBound,RWS01_MONIBAS_0071hrr1438ra
RWS01_MONIBAS_0071hrr1466ra,52.98508,5.95644,1740.0,eastBound,RWS01_MONIBAS_0071hrr1466ra
RWS01_MONIBAS_0071hrr1479ra,52.98921,5.97412,1920.0,eastBound,RWS01_MONIBAS_0071hrr1479ra
RWS01_MONIBAS_0071hrr1521ra,53.01932,6.00869,0.0,eastBound,RWS01_MONIBAS_0071hrr1521ra
RWS01_MONIBAS_0071hrr1576ra,53.06129,6.05163,0.0,eastBound,RWS01_MONIBAS_0071hrr1576ra
RWS01_MONIBAS_0071hrr1613ra,53.08875,6.08286,0.0,eastBound,RWS01_MONIBAS_0071hrr1613ra
RWS01_MONIBAS_0071hrr1650ra,53.10376,6.1315,0.0,eastBound,RWS01_MONIBAS_0071hrr1650ra
RWS01_MONIBAS_0310vww0755ra,53.1056,6.13427,0.0,,RWS01_MONIBAS_0310vww0755ra
RWS01_MONIBAS_0320vwa0421ra,52.92847,5.96309,240.0,northBound,RWS01_MONIBAS_0320vwa0421ra
RWS01_MONIBAS_0320vwa0449ra,52.95052,5.94339,540.0,northBound,RWS01_MONIBAS_0320vwa0449ra
RWS01_MONIBAS_0320vwa0465ra,52.96374,5.9355,600.0,northBound,RWS01_MONIBAS_0320vwa0465ra
RWS01_MONIBAS_0320vwa0578ra,53.04676,5.847,360.0,northBound,RWS01_MONIBAS_0320vwa0578ra
RWS01_MONIBAS_0320vwa0628ra,53.08899,5.82474,360.0,northBound,RWS01_MONIBAS_0320vwa0628ra
RWS01_MONIBAS_0320vwa0652ra,53.1105,5.81567,300.0,northBound,RWS01_MONIBAS_0320vwa0652ra
RWS01_MONIBAS_0320vwb0427ra,52.93362,5.95991,420.0,northBound,RWS01_MONIBAS_0320vwb0427ra
RWS01_MONIBAS_0320vwb0454ra,52.9549,5.94112,0.0,northBound,RWS01_MONIBAS_0320vwb0454ra
RWS01_MONIBAS_0320vwb0466ra,52.96512,5.93327,0.0,northBound,RWS01_MONIBAS_0320vwb0466ra
RWS01_MONIBAS_0320vwb0582ra,53.04963,5.84547,480.0,northBound,RWS01_MONIBAS_0320vwb0582ra
RWS01_MONIBAS_0320vwb0632ra,53.09269,5.82314,660.0,northBound,RWS01_MONIBAS_0320vwb0632ra
RWS01_MONIBAS_0320vwb0657ra,53.1142,5.8127,780.0,northBound,RWS01_MONIBAS_0320vwb0657ra
RWS01_MONIBAS_0320vwc0427ra,52.9335,5.95956,360.0,southBound,RWS01_MONIBAS_0320vwc0427ra
RWS01_MONIBAS_0320vwc0454ra,52.95483,5.94023,780.0,southBound,RWS01_MONIBAS_0320vwc0454ra
RWS01_MONIBAS_0320vwc0469ra,52.96658,5.93106,660.0,southBound,RWS01_MONIBAS_0320vwc0469ra
RWS01_MONIBAS_0320vwc0582ra,53.04947,5.8445,540.0,southBound,RWS01_MONIBAS_0320vwc0582ra
RWS01_MONIBAS_0320vwc0632ra,53.09256,5.82218,540.0,southBound,RWS01_MONIBAS_0320vwc0632ra
RWS01_MONIBAS_0320vwc0657ra,53.114,5.81136,540.0,southBound,RWS01_MONIBAS_0320vwc0657ra
RWS01_MONIBAS_0320vwd0421ra,52.92843,5.96272,240.0,southBound,RWS01_MONIBAS_0320vwd0421ra
RWS01_MONIBAS_0320vwd0449ra,52.9503,5.94251,420.0,southBound,RWS01_MONIBAS_0320vwd0449ra
RWS01_MONIBAS_0320vwd0465ra,52.9637,5.93443,0.0,southBound,RWS01_MONIBAS_0320vwd0465ra
RWS01_MONIBAS_0320vwd0578ra,53.04655,5.84558,300.0,southBound,RWS01_MONIBAS_0320vwd0578ra
RWS01_MONIBAS_0320vwd0628ra,53.08877,5.82366,420.0,southBound,RWS01_MONIBAS_0320vwd0628ra
RWS01_MONIBAS_0320vwd0652ra,53.10932,5.8138,360.0,southBound,RWS01_MONIBAS_0320vwd0652ra
RWS01_MONIBAS_0320vwr0478ra,52.97245,5.92171,1020.0,northBound,RWS01_MONIBAS_0320vwr0478ra
RWS01_MONIBAS_0320vws0488ra,52.97782,5.91045,600.0,southBound,RWS01_MONIBAS_0320vws0488ra
RWS01_MONIBAS_0321hrl0424ra,52.93087,5.96145,1080.0,southBound,RWS01_MONIBAS_0321hrl0424ra
RWS01_MONIBAS_0321hrl0452ra,52.95288,5.94152,1200.0,southBound,RWS01_MONIBAS_0321hrl0452ra
RWS01_MONIBAS_0321hrl0467ra,52.96539,5.93295,1140.0,southBound,RWS01_MONIBAS_0321hrl0467ra
RWS01_MONIBAS_0321hrl0482ra,52.97468,5.91678,180.0,southBound,RWS01_MONIBAS_0321hrl0482ra
RWS01_MONIBAS_0321hrl0486ra,52.97686,5.91254,900.0,southBound,RWS01_MONIBAS_0321hrl0486ra
RWS01_MONIBAS_0321hrl0540ra,53.01539,5.86887,1140.0,southBound,RWS01_MONIBAS_0321hrl0540ra
RWS01_MONIBAS_0321hrl0580ra,53.04787,5.84562,840.0,southBound,RWS01_MONIBAS_0321hrl0580ra
RWS01_MONIBAS_0321hrl0630ra,53.09043,5.82352,900.0,southBound,RWS01_MONIBAS_0321hrl0630ra
RWS01_MONIBAS_0321hrl0654ra,53.11158,5.81317,1020.0,southBound,RWS01_MONIBAS_0321hrl0654ra
RWS01_MONIBAS_0321hrl0685ra,53.13761,5.79933,1440.0,southBound,RWS01_MONIBAS_0321hrl0685ra
RWS01_MONIBAS_0321hrr0424ra,52.93102,5.96155,1020.0,northBound,RWS01_MONIBAS_0321hrr0424ra
RWS01_MONIBAS_0321hrr0452ra,52.9529,5.94171,1380.0,northBound,RWS01_MONIBAS_0321hrr0452ra
RWS01_MONIBAS_0321hrr0467ra,52.96545,5.93311,720.0,northBound,RWS01_MONIBAS_0321hrr0467ra
RWS01_MONIBAS_0321hrr0479ra,52.97314,5.92009,720.0,northBound,RWS01_MONIBAS_0321hrr0479ra
RWS01_MONIBAS_0321hrr0483ra,52.97543,5.9156,840.0,northBound,RWS01_MONIBAS_0321hrr0483ra
RWS01_MONIBAS_0321hrr0540ra,53.01547,5.86904,1140.0,northBound,RWS01_MONIBAS_0321hrr0540ra
RWS01_MONIBAS_0321hrr0580ra,53.04786,5.84581,1020.0,northBound,RWS01_MONIBAS_0321hrr0580ra
RWS01_MONIBAS_0321hrr0630ra,53.09042,5.82371,1140.0,northBound,RWS01_MONIBAS_0321hrr0630ra
RWS01_MONIBAS_0321hrr0654ra,53.11161,5.81337,1320.0,northBound,RWS01_MONIBAS_0321hrr0654ra
RWS01_MONIBAS_0321hrr0685ra,53.13765,5.79959,1440.0,northBound,RWS01_MONIBAS_0321hrr0685ra
RWS01_MONICA_00D00630640A30200007,52.94928,5.79735,720.0,northBound,RWS01_MONICA_00D00630640A30200007
RWS01_MONICA_00D00715285088200007,52.94882,5.79656,720.0,eastBound,RWS01_MONICA_00D00715285088200007
RWS01_MONICA_00D01F0BC81400200007,53.10508,6.1345,0.0,eastBound,RWS01_MONICA_00D01F0BC81400200007
RWS01_MONICA_00D01F0BC841D0050005,53.10623,6.1336,0.0,westBound,RWS01_MONICA_00D01F0BC841D0050005
RWS01_MONICA_00D01F0BC841D0050009,53.10623,6.1336,0.0,westBound,RWS01_MONICA_00D01F0BC841D0050009
RWS01_MONICA_00D01F0BD058D0070007,53.10446,6.135,0.0,eastBound,RWS01_MONICA_00D01F0BD058D0070007
RWS01_MONICA_00D01F0BD058D007000B,53.10446,6.135,0.0,eastBound,RWS01_MONICA_00D01F0BD058D007000B
RWS01_MONICA_10D007163C28D0050005,52.96866,5.89909,1320.0,westBound,RWS01_MONICA_10D007163C28D0050005
RWS01_MONICA_10D007163C28D0050009,52.96866,5.89909,1500.0,westBound,RWS01_MONICA_10D007163C28D0050009
RWS01_MONICA_10D00716540ED0050005,52.97125,5.90636,1440.0,westBound,RWS01_MONICA_10D00716540ED0050005
RWS01_MONICA_10D00716540ED0050009,52.97125,5.90636,1260.0,westBound,RWS01_MONICA_10D00716540ED0050009
RWS01_MONICA_10D00716683250200005,52.97444,5.91275,0.0,westBound,RWS01_MONICA_10D00716683250200005
RWS01_MONICA_10D007166832D0050005,52.97398,5.91301,1200.0,westBound,RWS01_MONICA_10D007166832D0050005
RWS01_MONICA_10D007166832D0050009,52.97398,5.91301,1500.0,westBound,RWS01_MONICA_10D007166832D0050009
RWS01_MONICA_10D007167027D0050305,52.97491,5.9154,0.0,westBound,RWS01_MONICA_10D007167027D0050305
RWS01_MONICA_10D007167413D0050005,52.97529,5.91643,1320.0,westBound,RWS01_MONICA_10D007167413D0050005
RWS01_MONICA_10D007167413D0050009,52.97529,5.91643,900.0,westBound,RWS01_MONICA_10D007167413D0050009
RWS01_MONICA_10D007168032D0050005,52.97675,5.92068,1080.0,westBound,RWS01_MONICA_10D007168032D0050005
RWS01_MONICA_10D007168032D0050009,52.97675,5.92068,1380.0,westBound,RWS01_MONICA_10D007168032D0050009
RWS01_MONICA_10D007169440D0050005,52.97874,5.92756,1140.0,westBound,RWS01_MONICA_10D007169440D0050005
RWS01_MONICA_10D007169440D0050009,52.97874,5.92756,1320.0,westBound,RWS01_MONICA_10D007169440D0050009
RWS01_MONICA_10D00716AC40D0050005,52.98073,5.93593,1740.0,westBound,RWS01_MONICA_10D00716AC40D0050005
RWS01_MONICA_10D00716AC40D0050009,52.98073,5.93593,1320.0,westBound,RWS01_MONICA_10D00716AC40D0050009
